'Elapsed time','ECG1'
'seconds','mV'
0.000,-0.010
0.004,0.000
0.008,-0.015
0.012,-0.005
0.016,0.000
0.020,0.000
0.024,-0.010
0.028,0.015
0.032,0.000
0.036,0.000
0.040,0.000
0.044,0.005
0.048,-0.010
0.052,0.005
0.056,-0.010
0.060,-0.005
0.064,-0.020
0.068,-0.010
0.072,-0.020
0.076,-0.020
0.080,-0.020
0.084,-0.040
0.088,-0.005
0.092,-0.025
0.096,-0.020
0.100,-0.025
0.104,-0.005
0.108,-0.020
0.112,-0.025
0.116,-0.025
0.120,-0.020
0.124,-0.040
0.128,-0.015
0.132,-0.020
0.136,-0.015
0.140,-0.030
0.144,-0.040
0.148,-0.070
0.152,-0.040
0.156,-0.040
0.160,-0.045
0.164,-0.040
0.168,-0.010
0.172,-0.040
0.176,-0.045
0.180,-0.050
0.184,-0.045
0.188,-0.055
0.192,-0.045
0.196,-0.040
0.200,-0.045
0.204,-0.030
0.208,-0.020
0.212,-0.030
0.216,-0.020
0.220,-0.045
0.224,-0.040
0.228,-0.045
0.232,-0.040
0.236,-0.040
0.240,-0.025
0.244,0.005
0.248,0.020
0.252,0.020
0.256,0.010
0.260,0.005
0.264,0.005
0.268,-0.025
0.272,-0.025
0.276,-0.030
0.280,-0.030
0.284,-0.050
0.288,-0.040
0.292,-0.050
0.296,-0.060
0.300,-0.070
0.304,-0.040
0.308,-0.045
0.312,-0.040
0.316,-0.050
0.320,-0.040
0.324,-0.050
0.328,-0.030
0.332,-0.045
0.336,-0.020
0.340,-0.040
0.344,-0.035
0.348,-0.040
0.352,-0.045
0.356,-0.055
0.360,-0.040
0.364,-0.040
0.368,-0.025
0.372,-0.030
0.376,-0.035
0.380,-0.045
0.384,-0.030
0.388,-0.035
0.392,-0.035
0.396,-0.030
0.400,-0.020
0.404,-0.015
0.408,0.015
0.412,0.090
0.416,0.165
0.420,0.235
0.424,0.320
0.428,0.370
0.432,0.350
0.436,0.295
0.440,0.175
0.444,-0.010
0.448,-0.185
0.452,-0.200
0.456,-0.110
0.460,-0.070
0.464,-0.085
0.468,-0.080
0.472,-0.050
0.476,-0.035
0.480,-0.060
0.484,-0.050
0.488,-0.050
0.492,-0.050
0.496,-0.050
0.500,-0.050
0.504,-0.065
0.508,-0.060
0.512,-0.040
0.516,-0.060
0.520,-0.045
0.524,-0.020
0.528,-0.050
0.532,-0.040
0.536,-0.020
0.540,-0.025
0.544,-0.040
0.548,-0.035
0.552,-0.035
0.556,-0.040
0.560,-0.020
0.564,-0.020
0.568,-0.030
0.572,-0.025
0.576,-0.015
0.580,-0.015
0.584,-0.030
0.588,0.000
0.592,-0.010
0.596,-0.040
0.600,-0.015
0.604,0.000
0.608,-0.020
0.612,-0.015
0.616,-0.010
0.620,0.000
0.624,-0.030
0.628,-0.020
0.632,0.000
0.636,0.005
0.640,-0.005
0.644,0.000
0.648,0.000
0.652,-0.005
0.656,-0.005
0.660,-0.015
0.664,-0.005
0.668,-0.020
0.672,-0.020
0.676,-0.030
0.680,-0.010
0.684,-0.020
0.688,-0.005
0.692,-0.035
0.696,-0.010
0.700,-0.005
0.704,-0.030
0.708,-0.025
0.712,-0.005
0.716,-0.015
0.720,-0.020
0.724,-0.005
0.728,-0.015
0.732,-0.010
0.736,-0.015
0.740,-0.005
0.744,0.015
0.748,-0.005
0.752,0.015
0.756,0.025
0.760,0.000
0.764,0.000
0.768,-0.010
0.772,0.010
0.776,-0.005
0.780,0.000
0.784,0.005
0.788,0.000
0.792,0.000
0.796,0.015
0.800,-0.010
0.804,-0.015
0.808,0.005
0.812,-0.005
0.816,0.005
0.820,-0.010
0.824,0.000
0.828,-0.015
0.832,0.000
0.836,-0.010
0.840,-0.005
0.844,-0.020
0.848,-0.010
0.852,0.005
0.856,-0.010
0.860,-0.005
0.864,-0.005
0.868,0.000
0.872,0.000
0.876,-0.005
0.880,-0.005
0.884,0.005
0.888,0.000
0.892,0.005
0.896,0.000
0.900,0.005
0.904,-0.005
0.908,-0.005
0.912,-0.015
0.916,-0.005
0.920,-0.010
0.924,0.000
0.928,-0.010
0.932,0.005
0.936,-0.010
0.940,0.005
0.944,-0.010
0.948,0.005
0.952,-0.010
0.956,0.000
0.960,-0.010
0.964,-0.025
0.968,0.000
0.972,-0.015
0.976,0.000
0.980,0.005
0.984,-0.020
0.988,-0.025
0.992,-0.020
0.996,-0.025
1.000,-0.030
1.004,-0.025
1.008,-0.035
1.012,-0.025
1.016,-0.035
1.020,-0.015
1.024,-0.040
1.028,-0.020
1.032,-0.010
1.036,-0.025
1.040,-0.015
1.044,-0.015
1.048,-0.040
1.052,-0.025
1.056,-0.020
1.060,-0.020
1.064,-0.020
1.068,-0.030
1.072,-0.030
1.076,-0.045
1.080,-0.045
1.084,-0.035
1.088,-0.030
1.092,-0.045
1.096,-0.035
1.100,-0.035
1.104,-0.050
1.108,-0.045
1.112,-0.045
1.116,-0.045
1.120,-0.040
1.124,-0.050
1.128,-0.050
1.132,-0.030
1.136,-0.035
1.140,-0.055
1.144,-0.035
1.148,-0.040
1.152,-0.025
1.156,-0.035
1.160,-0.040
1.164,-0.025
1.168,-0.035
1.172,-0.030
1.176,-0.040
1.180,-0.040
1.184,-0.055
1.188,-0.035
1.192,-0.015
1.196,-0.060
1.200,-0.040
1.204,-0.035
1.208,-0.030
1.212,-0.035
1.216,-0.025
1.220,-0.025
1.224,-0.040
1.228,-0.040
1.232,-0.025
1.236,-0.020
1.240,-0.020
1.244,-0.020
1.248,-0.020
1.252,-0.010
1.256,-0.005
1.260,0.020
1.264,0.025
1.268,-0.010
1.272,-0.005
1.276,-0.010
1.280,-0.010
1.284,-0.025
1.288,-0.020
1.292,-0.020
1.296,-0.040
1.300,-0.065
1.304,-0.060
1.308,-0.050
1.312,-0.050
1.316,-0.035
1.320,-0.045
1.324,-0.030
1.328,-0.050
1.332,-0.030
1.336,-0.015
1.340,-0.040
1.344,-0.040
1.348,-0.025
1.352,-0.025
1.356,-0.050
1.360,-0.030
1.364,-0.035
1.368,-0.050
1.372,-0.065
1.376,-0.040
1.380,-0.055
1.384,-0.045
1.388,-0.035
1.392,-0.040
1.396,-0.030
1.400,-0.020
1.404,0.005
1.408,0.045
1.412,0.120
1.416,0.195
1.420,0.265
1.424,0.315
1.428,0.305
1.432,0.275
1.436,0.200
1.440,0.070
1.444,-0.085
1.448,-0.175
1.452,-0.135
1.456,-0.085
1.460,-0.085
1.464,-0.090
1.468,-0.080
1.472,-0.070
1.476,-0.060
1.480,-0.070
1.484,-0.065
1.488,-0.065
1.492,-0.050
1.496,-0.075
1.500,-0.070
1.504,-0.060
1.508,-0.070
1.512,-0.085
1.516,-0.065
1.520,-0.065
1.524,-0.060
1.528,-0.070
1.532,-0.075
1.536,-0.060
1.540,-0.050
1.544,-0.060
1.548,-0.055
1.552,-0.040
1.556,-0.060
1.560,-0.065
1.564,-0.050
1.568,-0.060
1.572,-0.060
1.576,-0.055
1.580,-0.040
1.584,-0.045
1.588,-0.040
1.592,-0.040
1.596,-0.060
1.600,-0.045
1.604,-0.050
1.608,-0.050
1.612,-0.045
1.616,-0.045
1.620,-0.030
1.624,-0.035
1.628,-0.030
1.632,-0.030
1.636,-0.040
1.640,-0.025
1.644,-0.035
1.648,-0.015
1.652,-0.015
1.656,-0.025
1.660,-0.020
1.664,-0.025
1.668,-0.025
1.672,-0.020
1.676,-0.030
1.680,-0.030
1.684,-0.020
1.688,-0.010
1.692,-0.015
1.696,-0.005
1.700,-0.015
1.704,-0.025
1.708,-0.030
1.712,-0.025
1.716,-0.015
1.720,-0.025
1.724,-0.020
1.728,-0.010
1.732,-0.010
1.736,0.000
1.740,-0.010
1.744,0.005
1.748,0.000
1.752,0.000
1.756,0.015
1.760,0.025
1.764,0.025
1.768,0.020
1.772,0.005
1.776,0.000
1.780,0.000
1.784,0.005
1.788,0.000
1.792,0.000
1.796,0.020
1.800,0.025
1.804,0.010
1.808,0.000
1.812,0.000
1.816,-0.010
1.820,-0.010
1.824,0.000
1.828,0.000
1.832,-0.005
1.836,0.000
1.840,0.000
1.844,-0.010
1.848,0.005
1.852,-0.010
1.856,0.000
1.860,0.035
1.864,0.020
1.868,0.005
1.872,0.000
1.876,0.000
1.880,-0.010
1.884,0.020
1.888,0.005
1.892,0.000
1.896,-0.005
1.900,0.005
1.904,0.005
1.908,0.005
1.912,0.000
1.916,0.005
1.920,-0.025
1.924,-0.015
1.928,-0.005
1.932,0.005
1.936,-0.005
1.940,-0.010
1.944,0.000
1.948,-0.010
1.952,-0.020
1.956,-0.025
1.960,0.000
1.964,-0.005
1.968,0.000
1.972,-0.005
1.976,-0.020
1.980,-0.015
1.984,-0.030
1.988,-0.015
1.992,-0.020
1.996,-0.020
2.000,0.000
2.004,-0.015
2.008,-0.020
2.012,-0.015
2.016,-0.015
2.020,-0.025
2.024,-0.005
2.028,-0.025
2.032,-0.020
2.036,-0.015
2.040,-0.020
2.044,-0.020
2.048,-0.025
2.052,-0.030
2.056,-0.035
2.060,-0.050
2.064,-0.030
2.068,-0.030
2.072,-0.025
2.076,-0.040
2.080,-0.040
2.084,-0.040
2.088,-0.015
2.092,-0.005
2.096,0.005
2.100,-0.005
2.104,0.000
2.108,0.000
2.112,0.005
2.116,-0.015
2.120,-0.040
2.124,-0.045
2.128,-0.060
2.132,-0.060
2.136,-0.080
2.140,-0.065
2.144,-0.060
2.148,-0.065
2.152,-0.060
2.156,-0.040
2.160,-0.040
2.164,-0.060
2.168,-0.060
2.172,-0.065
2.176,-0.060
2.180,-0.065
2.184,-0.070
2.188,-0.070
2.192,-0.070
2.196,-0.065
2.200,-0.070
2.204,-0.070
2.208,-0.060
2.212,-0.040
2.216,-0.045
2.220,-0.035
2.224,-0.055
2.228,-0.045
2.232,-0.045
2.236,-0.050
2.240,-0.035
2.244,-0.035
2.248,-0.030
2.252,0.010
2.256,0.070
2.260,0.130
2.264,0.200
2.268,0.295
2.272,0.315
2.276,0.260
2.280,0.165
2.284,0.020
2.288,-0.155
2.292,-0.275
2.296,-0.295
2.300,-0.205
2.304,-0.115
2.308,-0.095
2.312,-0.100
2.316,-0.080
2.320,-0.060
2.324,-0.065
2.328,-0.080
2.332,-0.070
2.336,-0.085
2.340,-0.080
2.344,-0.080
2.348,-0.080
2.352,-0.085
2.356,-0.060
2.360,-0.080
2.364,-0.065
2.368,-0.085
2.372,-0.055
2.376,-0.065
2.380,-0.065
2.384,-0.080
2.388,-0.085
2.392,-0.075
2.396,-0.070
2.400,-0.070
2.404,-0.040
2.408,-0.060
2.412,-0.070
2.416,-0.060
2.420,-0.070
2.424,-0.075
2.428,-0.040
2.432,-0.060
2.436,-0.070
2.440,-0.070
2.444,-0.045
2.448,-0.055
2.452,-0.060
2.456,-0.055
2.460,-0.060
2.464,-0.050
2.468,-0.055
2.472,-0.060
2.476,-0.040
2.480,-0.040
2.484,-0.040
2.488,-0.060
2.492,-0.045
2.496,-0.060
2.500,-0.050
2.504,-0.050
2.508,-0.030
2.512,-0.045
2.516,-0.060
2.520,-0.065
2.524,-0.055
2.528,-0.050
2.532,-0.060
2.536,-0.065
2.540,-0.050
2.544,-0.055
2.548,-0.070
2.552,-0.055
2.556,-0.045
2.560,-0.045
2.564,-0.065
2.568,-0.045
2.572,-0.050
2.576,-0.030
2.580,-0.015
2.584,-0.020
2.588,-0.010
2.592,0.005
2.596,0.000
2.600,-0.005
2.604,-0.010
2.608,-0.005
2.612,-0.025
2.616,-0.015
2.620,-0.020
2.624,-0.025
2.628,-0.005
2.632,0.000
2.636,0.000
2.640,-0.020
2.644,-0.010
2.648,-0.010
2.652,-0.030
2.656,-0.025
2.660,-0.020
2.664,-0.025
2.668,0.000
2.672,-0.005
2.676,-0.020
2.680,-0.015
2.684,0.015
2.688,-0.015
2.692,-0.005
2.696,0.000
2.700,0.015
2.704,0.000
2.708,0.000
2.712,-0.025
2.716,0.000
2.720,0.000
2.724,0.005
2.728,0.000
2.732,0.010
2.736,0.000
2.740,0.000
2.744,0.000
2.748,0.000
2.752,-0.005
2.756,-0.005
2.760,0.000
2.764,-0.015
2.768,-0.015
2.772,-0.005
2.776,-0.020
2.780,-0.025
2.784,0.000
2.788,-0.020
2.792,-0.010
2.796,-0.035
2.800,-0.025
2.804,-0.020
2.808,-0.040
2.812,-0.015
2.816,-0.030
2.820,-0.030
2.824,-0.020
2.828,-0.040
2.832,-0.035
2.836,-0.035
2.840,-0.025
2.844,-0.040
2.848,-0.020
2.852,-0.020
2.856,-0.015
2.860,-0.030
2.864,-0.045
2.868,-0.025
2.872,-0.035
2.876,-0.015
2.880,-0.020
2.884,-0.025
2.888,-0.025
2.892,-0.040
2.896,-0.040
2.900,-0.025
2.904,-0.025
2.908,-0.025
2.912,-0.040
2.916,-0.020
2.920,-0.045
2.924,-0.015
2.928,-0.035
2.932,-0.015
2.936,-0.035
2.940,-0.020
2.944,-0.035
2.948,-0.015
2.952,-0.035
2.956,-0.045
2.960,-0.030
2.964,-0.035
2.968,-0.040
2.972,-0.040
2.976,-0.040
2.980,-0.045
2.984,-0.040
2.988,-0.040
2.992,-0.045
2.996,-0.055
3.000,-0.030
3.004,-0.045
3.008,-0.020
3.012,-0.025
3.016,-0.030
3.020,-0.025
3.024,-0.020
3.028,-0.035
3.032,-0.030
3.036,-0.030
3.040,-0.045
3.044,-0.040
3.048,-0.040
3.052,-0.040
3.056,-0.030
3.060,-0.045
3.064,-0.030
3.068,-0.030
3.072,-0.040
3.076,-0.025
3.080,-0.045
3.084,-0.050
3.088,-0.020
3.092,-0.010
3.096,0.005
3.100,0.005
3.104,0.020
3.108,-0.020
3.112,-0.015
3.116,-0.020
3.120,-0.015
3.124,-0.035
3.128,-0.050
3.132,-0.055
3.136,-0.065
3.140,-0.065
3.144,-0.075
3.148,-0.085
3.152,-0.085
3.156,-0.080
3.160,-0.050
3.164,-0.065
3.168,-0.060
3.172,-0.060
3.176,-0.040
3.180,-0.060
3.184,-0.070
3.188,-0.065
3.192,-0.070
3.196,-0.055
3.200,-0.070
3.204,-0.060
3.208,-0.050
3.212,-0.055
3.216,-0.065
3.220,-0.060
3.224,-0.070
3.228,-0.035
3.232,-0.040
3.236,-0.055
3.240,-0.050
3.244,-0.055
3.248,-0.025
3.252,0.005
3.256,0.050
3.260,0.105
3.264,0.205
3.268,0.300
3.272,0.310
3.276,0.300
3.280,0.175
3.284,0.000
3.288,-0.145
3.292,-0.245
3.296,-0.265
3.300,-0.190
3.304,-0.130
3.308,-0.095
3.312,-0.075
3.316,-0.065
3.320,-0.040
3.324,-0.075
3.328,-0.060
3.332,-0.075
3.336,-0.050
3.340,-0.055
3.344,-0.070
3.348,-0.075
3.352,-0.055
3.356,-0.040
3.360,-0.070
3.364,-0.070
3.368,-0.040
3.372,-0.045
3.376,-0.040
3.380,-0.050
3.384,-0.050
3.388,-0.045
3.392,-0.045
3.396,-0.050
3.400,-0.040
3.404,-0.035
3.408,-0.035
3.412,-0.040
3.416,-0.055
3.420,-0.025
3.424,-0.055
3.428,-0.050
3.432,-0.035
3.436,-0.060
3.440,-0.030
3.444,-0.035
3.448,-0.045
3.452,-0.055
3.456,-0.040
3.460,-0.035
3.464,-0.020
3.468,-0.030
3.472,-0.035
3.476,-0.035
3.480,-0.035
3.484,-0.030
3.488,-0.045
3.492,-0.020
3.496,-0.030
3.500,-0.015
3.504,-0.035
3.508,-0.020
3.512,-0.040
3.516,-0.040
3.520,-0.035
3.524,-0.025
3.528,-0.020
3.532,-0.025
3.536,-0.020
3.540,-0.015
3.544,-0.020
3.548,0.000
3.552,-0.010
3.556,-0.035
3.560,-0.015
3.564,-0.020
3.568,-0.010
3.572,0.005
3.576,0.000
3.580,-0.010
3.584,0.015
3.588,0.015
3.592,0.010
3.596,0.030
3.600,0.020
3.604,0.020
3.608,0.015
3.612,0.020
3.616,0.010
3.620,0.010
3.624,0.020
3.628,0.035
3.632,0.020
3.636,0.020
3.640,0.005
3.644,0.005
3.648,0.010
3.652,0.010
3.656,0.015
3.660,0.020
3.664,0.010
3.668,0.010
3.672,0.015
3.676,0.005
3.680,0.030
3.684,0.020
3.688,0.010
3.692,0.035
3.696,0.020
3.700,0.000
3.704,0.005
3.708,0.025
3.712,0.010
3.716,0.020
3.720,0.015
3.724,0.020
3.728,0.010
3.732,0.020
3.736,0.010
3.740,0.015
3.744,0.015
3.748,0.030
3.752,0.000
3.756,0.005
3.760,0.005
3.764,0.015
3.768,0.005
3.772,0.010
3.776,0.015
3.780,0.000
3.784,-0.005
3.788,0.005
3.792,0.000
3.796,0.005
3.800,-0.020
3.804,-0.005
3.808,0.010
3.812,0.005
3.816,0.015
3.820,0.015
3.824,0.015
3.828,0.005
3.832,0.000
3.836,0.010
3.840,0.010
3.844,0.010
3.848,-0.010
3.852,-0.005
3.856,-0.005
3.860,-0.010
3.864,-0.005
3.868,-0.015
3.872,0.005
3.876,0.000
3.880,0.000
3.884,0.005
3.888,0.020
3.892,0.035
3.896,0.015
3.900,0.035
3.904,0.045
3.908,0.040
3.912,0.040
3.916,0.030
3.920,0.030
3.924,0.020
3.928,0.015
3.932,0.000
3.936,-0.005
3.940,-0.015
3.944,-0.045
3.948,-0.025
3.952,-0.020
3.956,-0.010
3.960,0.005
3.964,0.000
3.968,0.000
3.972,0.005
3.976,0.000
3.980,0.000
3.984,0.000
3.988,-0.020
3.992,0.005
3.996,-0.005
4.000,0.005
4.004,-0.005
4.008,0.005
4.012,0.015
4.016,-0.015
4.020,0.000
4.024,0.000
4.028,0.000
4.032,0.000
4.036,0.000
4.040,0.000
4.044,0.000
4.048,0.000
4.052,0.000
4.056,0.035
4.060,0.070
4.064,0.145
4.068,0.205
4.072,0.270
4.076,0.340
4.080,0.375
4.084,0.345
4.088,0.295
4.092,0.210
4.096,0.015
4.100,-0.120
4.104,-0.120
4.108,-0.060
4.112,-0.045
4.116,-0.040
4.120,-0.060
4.124,-0.050
4.128,-0.055
4.132,-0.030
4.136,-0.045
4.140,-0.025
4.144,-0.050
4.148,-0.040
4.152,-0.035
4.156,-0.060
4.160,-0.045
4.164,-0.040
4.168,-0.040
4.172,-0.065
4.176,-0.050
4.180,-0.060
4.184,-0.060
4.188,-0.035
4.192,-0.035
4.196,-0.040
4.200,-0.055
4.204,-0.040
4.208,-0.050
4.212,-0.050
4.216,-0.045
4.220,-0.045
4.224,-0.055
4.228,-0.040
4.232,-0.045
4.236,-0.045
4.240,-0.045
4.244,-0.040
4.248,-0.040
4.252,-0.050
4.256,-0.035
4.260,-0.040
4.264,-0.040
4.268,-0.035
4.272,-0.045
4.276,-0.025
4.280,-0.045
4.284,-0.040
4.288,-0.040
4.292,-0.035
4.296,-0.010
4.300,-0.015
4.304,-0.035
4.308,-0.035
4.312,-0.015
4.316,-0.020
4.320,-0.025
4.324,-0.040
4.328,-0.010
4.332,-0.015
4.336,-0.010
4.340,-0.020
4.344,-0.020
4.348,-0.030
4.352,-0.050
4.356,-0.030
4.360,-0.015
4.364,-0.040
4.368,-0.005
4.372,-0.030
4.376,-0.020
4.380,-0.010
4.384,0.005
4.388,-0.010
4.392,0.005
4.396,0.000
4.400,0.010
4.404,0.000
4.408,0.015
4.412,0.010
4.416,0.015
4.420,0.005
4.424,0.010
4.428,0.005
4.432,0.010
4.436,0.000
4.440,0.005
4.444,0.000
4.448,0.000
4.452,-0.010
4.456,-0.005
4.460,0.010
4.464,-0.005
4.468,-0.005
4.472,0.000
4.476,0.000
4.480,0.000
4.484,-0.005
4.488,0.000
4.492,-0.010
4.496,-0.010
4.500,0.000
4.504,0.000
4.508,0.000
4.512,-0.015
4.516,0.000
4.520,0.015
4.524,0.000
4.528,0.000
4.532,0.005
4.536,0.005
4.540,0.005
4.544,0.005
4.548,0.000
4.552,-0.015
4.556,-0.005
4.560,0.015
4.564,0.005
4.568,0.010
4.572,0.015
4.576,0.000
4.580,0.000
4.584,0.005
4.588,0.000
4.592,0.005
4.596,0.000
4.600,0.000
4.604,-0.005
4.608,-0.005
4.612,0.000
4.616,0.000
4.620,0.000
4.624,0.000
4.628,0.000
4.632,-0.015
4.636,0.000
4.640,0.015
4.644,0.010
4.648,0.005
4.652,0.005
4.656,0.000
4.660,0.005
4.664,-0.015
4.668,0.000
4.672,-0.005
4.676,0.010
4.680,0.020
4.684,0.015
4.688,0.015
4.692,-0.005
4.696,0.005
4.700,0.015
4.704,0.000
4.708,-0.010
4.712,-0.005
4.716,0.030
4.720,0.025
4.724,0.005
4.728,-0.015
4.732,0.000
4.736,-0.020
4.740,-0.005
4.744,0.005
4.748,0.005
4.752,0.000
4.756,0.005
4.760,0.010
4.764,-0.010
4.768,-0.005
4.772,-0.010
4.776,-0.005
4.780,-0.010
4.784,-0.010
4.788,0.000
4.792,-0.005
4.796,-0.010
4.800,-0.010
4.804,-0.005
4.808,-0.005
4.812,-0.010
4.816,-0.005
4.820,0.000
4.824,-0.040
4.828,-0.010
4.832,0.005
4.836,0.000
4.840,0.010
4.844,-0.005
4.848,0.015
4.852,0.000
4.856,0.000
4.860,0.010
4.864,0.000
4.868,-0.010
4.872,-0.010
4.876,-0.010
4.880,0.000
4.884,0.005
4.888,0.010
4.892,0.040
4.896,0.035
4.900,0.025
4.904,0.030
4.908,0.010
4.912,0.015
4.916,0.010
4.920,-0.005
4.924,-0.015
4.928,-0.015
4.932,-0.030
4.936,-0.025
4.940,-0.025
4.944,-0.040
4.948,-0.045
4.952,-0.035
4.956,-0.025
4.960,-0.020
4.964,-0.030
4.968,-0.030
4.972,-0.030
4.976,-0.045
4.980,-0.030
4.984,-0.025
4.988,-0.030
4.992,-0.020
4.996,-0.035
5.000,-0.035
5.004,-0.035
5.008,-0.025
5.012,-0.030
5.016,-0.005
5.020,-0.010
5.024,-0.015
5.028,-0.025
5.032,-0.020
5.036,-0.025
5.040,-0.025
5.044,-0.005
5.048,0.025
5.052,0.065
5.056,0.120
5.060,0.215
5.064,0.305
5.068,0.355
5.072,0.305
5.076,0.190
5.080,0.010
5.084,-0.145
5.088,-0.210
5.092,-0.145
5.096,-0.105
5.100,-0.075
5.104,-0.070
5.108,-0.050
5.112,-0.050
5.116,-0.045
5.120,-0.055
5.124,-0.070
5.128,-0.050
5.132,-0.040
5.136,-0.065
5.140,-0.045
5.144,-0.065
5.148,-0.050
5.152,-0.070
5.156,-0.040
5.160,-0.045
5.164,-0.050
5.168,-0.045
5.172,-0.040
5.176,-0.040
5.180,-0.050
5.184,-0.075
5.188,-0.055
5.192,-0.040
5.196,-0.055
5.200,-0.055
5.204,-0.050
5.208,-0.055
5.212,-0.045
5.216,-0.065
5.220,-0.050
5.224,-0.040
5.228,-0.045
5.232,-0.060
5.236,-0.040
5.240,-0.040
5.244,-0.030
5.248,-0.040
5.252,-0.050
5.256,-0.050
5.260,-0.055
5.264,-0.035
5.268,-0.015
5.272,-0.040
5.276,-0.025
5.280,-0.035
5.284,-0.025
5.288,-0.040
5.292,-0.030
5.296,-0.030
5.300,-0.015
5.304,-0.035
5.308,-0.040
5.312,-0.005
5.316,-0.020
5.320,-0.030
5.324,-0.040
5.328,-0.045
5.332,-0.045
5.336,-0.040
5.340,-0.040
5.344,-0.030
5.348,-0.035
5.352,-0.045
5.356,-0.035
5.360,-0.040
5.364,-0.030
5.368,0.000
5.372,0.005
5.376,-0.025
5.380,0.000
5.384,0.010
5.388,0.000
5.392,0.000
5.396,0.015
5.400,0.020
5.404,0.010
5.408,0.015
5.412,0.020
5.416,0.005
5.420,-0.005
5.424,0.000
5.428,-0.030
5.432,-0.010
5.436,-0.015
5.440,0.000
5.444,-0.005
5.448,-0.010
5.452,-0.015
5.456,-0.025
5.460,0.000
5.464,-0.010
5.468,-0.015
5.472,-0.015
5.476,0.000
5.480,0.000
5.484,0.000
5.488,0.000
5.492,-0.005
5.496,-0.005
5.500,0.005
5.504,0.000
5.508,0.000
5.512,0.000
5.516,0.005
5.520,0.000
5.524,-0.005
5.528,-0.005
5.532,-0.005
5.536,0.000
5.540,0.010
5.544,0.000
5.548,0.015
5.552,-0.025
5.556,0.005
5.560,0.000
5.564,0.005
5.568,-0.005
5.572,-0.010
5.576,0.000
5.580,0.000
5.584,0.015
5.588,0.015
5.592,-0.010
5.596,0.000
5.600,-0.005
5.604,0.000
5.608,-0.030
5.612,-0.010
5.616,-0.010
5.620,-0.005
5.624,0.000
5.628,0.000
5.632,-0.005
5.636,0.005
5.640,-0.005
5.644,0.000
5.648,-0.005
5.652,-0.010
5.656,0.000
5.660,-0.010
5.664,0.010
5.668,0.000
5.672,0.015
5.676,0.010
5.680,0.005
5.684,0.015
5.688,0.005
5.692,0.005
5.696,0.020
5.700,0.045
5.704,0.040
5.708,0.055
5.712,0.055
5.716,0.060
5.720,0.030
5.724,0.045
5.728,0.025
5.732,-0.005
5.736,0.000
5.740,-0.005
5.744,-0.020
5.748,-0.020
5.752,-0.030
5.756,-0.010
5.760,-0.005
5.764,-0.005
5.768,-0.020
5.772,-0.030
5.776,-0.010
5.780,-0.015
5.784,-0.030
5.788,-0.015
5.792,-0.015
5.796,-0.030
5.800,-0.020
5.804,-0.025
5.808,-0.025
5.812,-0.030
5.816,-0.010
5.820,-0.020
5.824,-0.025
5.828,-0.015
5.832,-0.035
5.836,-0.010
5.840,-0.010
5.844,0.000
5.848,-0.015
5.852,-0.015
5.856,-0.025
5.860,-0.005
5.864,0.045
5.868,0.095
5.872,0.185
5.876,0.295
5.880,0.345
5.884,0.335
5.888,0.270
5.892,0.145
5.896,-0.055
5.900,-0.205
5.904,-0.200
5.908,-0.150
5.912,-0.075
5.916,-0.045
5.920,-0.065
5.924,-0.080
5.928,-0.050
5.932,-0.010
5.936,-0.035
5.940,-0.050
5.944,-0.040
5.948,-0.065
5.952,-0.065
5.956,-0.060
5.960,-0.045
5.964,-0.050
5.968,-0.035
5.972,-0.065
5.976,-0.040
5.980,-0.030
5.984,-0.055
5.988,-0.065
5.992,-0.055
5.996,-0.050
6.000,-0.045
6.004,-0.065
6.008,-0.045
6.012,-0.045
6.016,-0.045
6.020,-0.050
6.024,-0.040
6.028,-0.060
6.032,-0.030
6.036,-0.055
6.040,-0.050
6.044,-0.035
6.048,-0.035
6.052,-0.045
6.056,-0.050
6.060,-0.065
6.064,-0.040
6.068,-0.035
6.072,-0.025
6.076,-0.040
6.080,-0.040
6.084,-0.040
6.088,-0.060
6.092,-0.025
6.096,-0.030
6.100,-0.030
6.104,-0.035
6.108,-0.030
6.112,-0.040
6.116,-0.035
6.120,-0.035
6.124,-0.050
6.128,-0.050
6.132,-0.035
6.136,-0.035
6.140,-0.045
6.144,-0.055
6.148,-0.060
6.152,-0.055
6.156,-0.050
6.160,-0.045
6.164,-0.035
6.168,-0.030
6.172,-0.060
6.176,-0.035
6.180,-0.050
6.184,-0.035
6.188,-0.015
6.192,0.005
6.196,-0.005
6.200,-0.025
6.204,0.000
6.208,0.005
6.212,0.005
6.216,-0.005
6.220,-0.010
6.224,0.005
6.228,0.000
6.232,-0.005
6.236,-0.020
6.240,-0.010
6.244,-0.010
6.248,-0.005
6.252,-0.005
6.256,0.000
6.260,-0.005
6.264,0.000
6.268,-0.025
6.272,-0.005
6.276,-0.015
6.280,-0.005
6.284,0.005
6.288,-0.010
6.292,-0.005
6.296,-0.005
6.300,0.000
6.304,0.000
6.308,0.000
6.312,0.005
6.316,0.000
6.320,0.005
6.324,0.000
6.328,0.015
6.332,0.005
6.336,0.010
6.340,0.005
6.344,0.010
6.348,0.000
6.352,0.020
6.356,0.000
6.360,0.020
6.364,0.000
6.368,0.005
6.372,0.005
6.376,0.000
6.380,0.015
6.384,0.000
6.388,-0.005
6.392,-0.005
6.396,-0.020
6.400,0.005
6.404,-0.025
6.408,-0.010
6.412,0.000
6.416,-0.005
6.420,0.000
6.424,0.005
6.428,0.000
6.432,-0.005
6.436,-0.010
6.440,-0.005
6.444,-0.005
6.448,-0.020
6.452,-0.010
6.456,-0.020
6.460,0.000
6.464,-0.010
6.468,-0.015
6.472,-0.015
6.476,-0.010
6.480,-0.020
6.484,0.000
6.488,-0.010
6.492,-0.005
6.496,-0.010
6.500,0.000
6.504,0.000
6.508,0.005
6.512,0.005
6.516,-0.020
6.520,0.000
6.524,0.000
6.528,0.000
6.532,0.005
6.536,-0.010
6.540,0.010
6.544,-0.015
6.548,0.000
6.552,0.005
6.556,-0.010
6.560,-0.010
6.564,0.005
6.568,0.000
6.572,-0.010
6.576,0.000
6.580,0.000
6.584,0.000
6.588,0.010
6.592,0.010
6.596,0.005
6.600,0.000
6.604,0.015
6.608,0.000
6.612,0.000
6.616,0.010
6.620,0.010
6.624,0.005
6.628,0.010
6.632,0.015
6.636,0.000
6.640,0.010
6.644,0.005
6.648,-0.005
6.652,0.005
6.656,0.005
6.660,0.005
6.664,0.010
6.668,0.000
6.672,0.010
6.676,0.015
6.680,0.040
6.684,0.045
6.688,0.030
6.692,0.050
6.696,0.070
6.700,0.075
6.704,0.060
6.708,0.045
6.712,0.035
6.716,0.045
6.720,0.050
6.724,0.020
6.728,0.015
6.732,0.010
6.736,0.000
6.740,-0.010
6.744,-0.005
6.748,0.015
6.752,0.020
6.756,0.005
6.760,0.005
6.764,0.000
6.768,-0.005
6.772,-0.005
6.776,0.010
6.780,0.005
6.784,0.010
6.788,0.000
6.792,0.000
6.796,0.005
6.800,0.000
6.804,-0.015
6.808,-0.015
6.812,-0.010
6.816,-0.015
6.820,-0.020
6.824,0.000
6.828,0.000
6.832,-0.005
6.836,0.005
6.840,0.005
6.844,-0.005
6.848,0.020
6.852,0.085
6.856,0.125
6.860,0.210
6.864,0.300
6.868,0.355
6.872,0.315
6.876,0.250
6.880,0.125
6.884,-0.050
6.888,-0.165
6.892,-0.140
6.896,-0.100
6.900,-0.035
6.904,-0.030
6.908,-0.040
6.912,-0.040
6.916,-0.030
6.920,-0.035
6.924,-0.030
6.928,-0.035
6.932,-0.035
6.936,-0.015
6.940,-0.030
6.944,-0.020
6.948,-0.035
6.952,-0.055
6.956,-0.045
6.960,-0.030
6.964,-0.030
6.968,-0.060
6.972,-0.035
6.976,-0.040
6.980,-0.040
6.984,-0.030
6.988,-0.040
6.992,-0.040
6.996,-0.030
7.000,-0.025
7.004,-0.030
7.008,-0.030
7.012,-0.030
7.016,-0.045
7.020,-0.030
7.024,-0.045
7.028,-0.020
7.032,-0.025
7.036,-0.030
7.040,-0.065
7.044,-0.045
7.048,-0.040
7.052,-0.035
7.056,-0.025
7.060,-0.020
7.064,-0.040
7.068,-0.030
7.072,-0.050
7.076,-0.010
7.080,-0.020
7.084,-0.015
7.088,-0.035
7.092,-0.030
7.096,-0.015
7.100,-0.025
7.104,-0.035
7.108,-0.025
7.112,-0.030
7.116,-0.035
7.120,-0.035
7.124,-0.040
7.128,-0.050
7.132,-0.040
7.136,-0.050
7.140,-0.050
7.144,-0.035
7.148,-0.010
7.152,-0.015
7.156,-0.020
7.160,-0.020
7.164,-0.025
7.168,-0.040
7.172,-0.030
7.176,-0.005
7.180,-0.005
7.184,0.000
7.188,-0.005
7.192,0.010
7.196,0.000
7.200,0.000
7.204,0.005
7.208,0.005
7.212,-0.005
7.216,-0.015
7.220,-0.020
7.224,-0.010
7.228,-0.010
7.232,-0.025
7.236,-0.015
7.240,-0.020
7.244,-0.030
7.248,-0.025
7.252,-0.025
7.256,-0.030
7.260,-0.015
7.264,-0.005
7.268,-0.010
7.272,-0.015
7.276,-0.010
7.280,-0.020
7.284,-0.005
7.288,-0.015
7.292,-0.010
7.296,-0.010
7.300,-0.015
7.304,-0.010
7.308,-0.015
7.312,-0.015
7.316,-0.010
7.320,-0.005
7.324,0.000
7.328,-0.010
7.332,-0.020
7.336,0.000
7.340,-0.020
7.344,-0.005
7.348,0.000
7.352,-0.010
7.356,0.000
7.360,0.000
7.364,-0.015
7.368,-0.020
7.372,-0.015
7.376,-0.025
7.380,-0.020
7.384,-0.035
7.388,-0.025
7.392,-0.030
7.396,-0.040
7.400,-0.015
7.404,-0.020
7.408,-0.040
7.412,-0.040
7.416,-0.020
7.420,-0.020
7.424,-0.055
7.428,-0.025
7.432,-0.030
7.436,-0.030
7.440,-0.025
7.444,-0.035
7.448,-0.040
7.452,-0.020
7.456,-0.030
7.460,-0.030
7.464,-0.035
7.468,-0.035
7.472,-0.040
7.476,-0.020
7.480,-0.030
7.484,-0.030
7.488,-0.035
7.492,-0.025
7.496,-0.025
7.500,0.000
7.504,0.005
7.508,-0.005
7.512,0.005
7.516,0.000
7.520,-0.015
7.524,-0.025
7.528,-0.035
7.532,-0.040
7.536,-0.045
7.540,-0.040
7.544,-0.040
7.548,-0.060
7.552,-0.060
7.556,-0.060
7.560,-0.050
7.564,-0.045
7.568,-0.050
7.572,-0.060
7.576,-0.055
7.580,-0.050
7.584,-0.055
7.588,-0.050
7.592,-0.045
7.596,-0.045
7.600,-0.055
7.604,-0.045
7.608,-0.040
7.612,-0.045
7.616,-0.020
7.620,-0.050
7.624,-0.065
7.628,-0.040
7.632,-0.035
7.636,-0.045
7.640,-0.045
7.644,-0.025
7.648,-0.025
7.652,-0.030
7.656,-0.005
7.660,0.005
7.664,0.040
7.668,0.090
7.672,0.160
7.676,0.235
7.680,0.325
7.684,0.370
7.688,0.315
7.692,0.190
7.696,0.025
7.700,-0.145
7.704,-0.175
7.708,-0.120
7.712,-0.070
7.716,-0.085
7.720,-0.080
7.724,-0.080
7.728,-0.065
7.732,-0.070
7.736,-0.065
7.740,-0.085
7.744,-0.065
7.748,-0.050
7.752,-0.065
7.756,-0.060
7.760,-0.060
7.764,-0.065
7.768,-0.065
7.772,-0.050
7.776,-0.055
7.780,-0.055
7.784,-0.065
7.788,-0.040
7.792,-0.060
7.796,-0.065
7.800,-0.070
7.804,-0.070
7.808,-0.055
7.812,-0.055
7.816,-0.080
7.820,-0.060
7.824,-0.060
7.828,-0.055
7.832,-0.050
7.836,-0.060
7.840,-0.050
7.844,-0.060
7.848,-0.065
7.852,-0.045
7.856,-0.060
7.860,-0.065
7.864,-0.045
7.868,-0.050
7.872,-0.055
7.876,-0.065
7.880,-0.050
7.884,-0.060
7.888,-0.055
7.892,-0.050
7.896,-0.050
7.900,-0.050
7.904,-0.055
7.908,-0.050
7.912,-0.055
7.916,-0.065
7.920,-0.055
7.924,-0.050
7.928,-0.040
7.932,-0.055
7.936,-0.060
7.940,-0.060
7.944,-0.055
7.948,-0.045
7.952,-0.040
7.956,-0.040
7.960,-0.040
7.964,-0.065
7.968,-0.065
7.972,-0.055
7.976,-0.055
7.980,-0.035
7.984,-0.025
7.988,-0.015
7.992,-0.040
7.996,-0.025
8.000,-0.025
8.004,-0.010
8.008,-0.025
8.012,-0.020
8.016,-0.030
8.020,-0.045
8.024,-0.025
8.028,-0.045
8.032,-0.025
8.036,-0.015
8.040,-0.040
8.044,-0.020
8.048,-0.025
8.052,-0.030
8.056,-0.025
8.060,-0.025
8.064,-0.035
8.068,-0.030
8.072,-0.040
8.076,-0.040
8.080,-0.035
8.084,-0.035
8.088,-0.030
8.092,-0.045
8.096,-0.040
8.100,-0.015
8.104,-0.045
8.108,-0.040
8.112,-0.025
8.116,-0.025
8.120,-0.040
8.124,-0.030
8.128,-0.040
8.132,-0.020
8.136,-0.030
8.140,-0.030
8.144,-0.035
8.148,-0.025
8.152,-0.030
8.156,-0.040
8.160,-0.050
8.164,-0.030
8.168,-0.040
8.172,-0.045
8.176,-0.045
8.180,-0.045
8.184,-0.035
8.188,-0.035
8.192,-0.045
8.196,-0.050
8.200,-0.075
8.204,-0.060
8.208,-0.065
8.212,-0.050
8.216,-0.060
8.220,-0.065
8.224,-0.045
8.228,-0.040
8.232,-0.055
8.236,-0.060
8.240,-0.065
8.244,-0.060
8.248,-0.065
8.252,-0.040
8.256,-0.040
8.260,-0.055
8.264,-0.070
8.268,-0.070
8.272,-0.065
8.276,-0.070
8.280,-0.055
8.284,-0.050
8.288,-0.055
8.292,-0.070
8.296,-0.050
8.300,-0.030
8.304,-0.050
8.308,-0.050
8.312,-0.050
8.316,-0.040
8.320,-0.050
8.324,-0.070
8.328,-0.055
8.332,-0.050
8.336,-0.060
8.340,-0.045
8.344,-0.050
8.348,-0.050
8.352,-0.055
8.356,-0.045
8.360,-0.055
8.364,-0.025
8.368,-0.065
8.372,-0.055
8.376,-0.075
8.380,-0.070
8.384,-0.050
8.388,-0.030
8.392,-0.040
8.396,-0.045
8.400,-0.055
8.404,-0.070
8.408,-0.060
8.412,-0.050
8.416,-0.040
8.420,-0.030
8.424,-0.065
8.428,-0.045
8.432,-0.065
8.436,-0.055
8.440,-0.055
8.444,-0.040
8.448,-0.065
8.452,-0.075
8.456,-0.065
8.460,-0.065
8.464,-0.050
8.468,-0.035
8.472,-0.040
8.476,-0.060
8.480,-0.055
8.484,-0.060
8.488,-0.055
8.492,-0.050
8.496,-0.055
8.500,-0.060
8.504,-0.040
8.508,-0.040
8.512,-0.040
8.516,-0.020
8.520,0.000
8.524,-0.005
8.528,0.000
8.532,-0.025
8.536,-0.030
8.540,-0.035
8.544,-0.045
8.548,-0.055
8.552,-0.075
8.556,-0.085
8.560,-0.075
8.564,-0.090
8.568,-0.075
8.572,-0.075
8.576,-0.065
8.580,-0.045
8.584,-0.055
8.588,-0.070
8.592,-0.070
8.596,-0.055
8.600,-0.065
8.604,-0.080
8.608,-0.065
8.612,-0.060
8.616,-0.070
8.620,-0.055
8.624,-0.070
8.628,-0.075
8.632,-0.040
8.636,-0.050
8.640,-0.045
8.644,-0.045
8.648,-0.040
8.652,-0.055
8.656,-0.055
8.660,-0.050
8.664,-0.040
8.668,-0.025
8.672,0.020
8.676,0.070
8.680,0.155
8.684,0.235
8.688,0.335
8.692,0.320
8.696,0.270
8.700,0.190
8.704,0.100
8.708,-0.075
8.712,-0.215
8.716,-0.250
8.720,-0.165
8.724,-0.110
8.728,-0.100
8.732,-0.085
8.736,-0.080
8.740,-0.100
8.744,-0.080
8.748,-0.065
8.752,-0.075
8.756,-0.070
8.760,-0.080
8.764,-0.075
8.768,-0.070
8.772,-0.060
8.776,-0.060
8.780,-0.065
8.784,-0.070
8.788,-0.080
8.792,-0.090
8.796,-0.070
8.800,-0.055
8.804,-0.075
8.808,-0.065
8.812,-0.060
8.816,-0.070
8.820,-0.075
8.824,-0.075
8.828,-0.075
8.832,-0.070
8.836,-0.065
8.840,-0.080
8.844,-0.095
8.848,-0.065
8.852,-0.065
8.856,-0.075
8.860,-0.070
8.864,-0.070
8.868,-0.070
8.872,-0.065
8.876,-0.060
8.880,-0.075
8.884,-0.075
8.888,-0.075
8.892,-0.060
8.896,-0.060
8.900,-0.060
8.904,-0.065
8.908,-0.065
8.912,-0.065
8.916,-0.075
8.920,-0.055
8.924,-0.035
8.928,-0.060
8.932,-0.060
8.936,-0.060
8.940,-0.060
8.944,-0.060
8.948,-0.055
8.952,-0.055
8.956,-0.050
8.960,-0.065
8.964,-0.065
8.968,-0.065
8.972,-0.055
8.976,-0.040
8.980,-0.055
8.984,-0.050
8.988,-0.040
8.992,-0.055
8.996,-0.025
9.000,-0.020
9.004,-0.025
9.008,-0.020
9.012,-0.020
9.016,-0.015
9.020,-0.015
9.024,-0.010
9.028,-0.015
9.032,-0.020
9.036,-0.015
9.040,0.000
9.044,-0.030
9.048,-0.025
9.052,-0.010
9.056,-0.040
9.060,-0.025
9.064,-0.020
9.068,-0.040
9.072,-0.035
9.076,-0.035
9.080,-0.030
9.084,-0.040
9.088,-0.025
9.092,-0.040
9.096,-0.045
9.100,-0.030
9.104,-0.030
9.108,-0.030
9.112,-0.035
9.116,-0.010
9.120,-0.020
9.124,-0.025
9.128,-0.025
9.132,-0.050
9.136,-0.040
9.140,-0.020
9.144,-0.025
9.148,-0.030
9.152,-0.035
9.156,-0.040
9.160,-0.045
9.164,-0.040
9.168,-0.035
9.172,-0.045
9.176,-0.055
9.180,-0.035
9.184,-0.055
9.188,-0.045
9.192,-0.040
9.196,-0.050
9.200,-0.050
9.204,-0.050
9.208,-0.065
9.212,-0.055
9.216,-0.060
9.220,-0.050
9.224,-0.045
9.228,-0.050
9.232,-0.065
9.236,-0.050
9.240,-0.045
9.244,-0.045
9.248,-0.065
9.252,-0.050
9.256,-0.050
9.260,-0.060
9.264,-0.040
9.268,-0.050
9.272,-0.040
9.276,-0.050
9.280,-0.065
9.284,-0.045
9.288,-0.070
9.292,-0.065
9.296,-0.050
9.300,-0.060
9.304,-0.055
9.308,-0.050
9.312,-0.040
9.316,-0.035
9.320,-0.035
9.324,-0.040
9.328,-0.025
9.332,0.000
9.336,0.005
9.340,0.000
9.344,-0.005
9.348,0.000
9.352,-0.015
9.356,-0.020
9.360,-0.025
9.364,-0.040
9.368,-0.055
9.372,-0.080
9.376,-0.080
9.380,-0.070
9.384,-0.065
9.388,-0.065
9.392,-0.045
9.396,-0.040
9.400,-0.045
9.404,-0.040
9.408,-0.025
9.412,-0.050
9.416,-0.050
9.420,-0.050
9.424,-0.050
9.428,-0.040
9.432,-0.045
9.436,-0.045
9.440,-0.040
9.444,-0.040
9.448,-0.045
9.452,-0.050
9.456,-0.040
9.460,-0.035
9.464,-0.040
9.468,-0.045
9.472,-0.055
9.476,-0.060
9.480,-0.060
9.484,-0.035
9.488,-0.040
9.492,0.005
9.496,0.050
9.500,0.115
9.504,0.195
9.508,0.285
9.512,0.310
9.516,0.250
9.520,0.160
9.524,0.000
9.528,-0.165
9.532,-0.170
9.536,-0.120
9.540,-0.065
9.544,-0.055
9.548,-0.090
9.552,-0.080
9.556,-0.090
9.560,-0.070
9.564,-0.080
9.568,-0.080
9.572,-0.070
9.576,-0.090
9.580,-0.085
9.584,-0.080
9.588,-0.085
9.592,-0.085
9.596,-0.085
9.600,-0.090
9.604,-0.085
9.608,-0.080
9.612,-0.060
9.616,-0.075
9.620,-0.090
9.624,-0.075
9.628,-0.065
9.632,-0.070
9.636,-0.070
9.640,-0.050
9.644,-0.070
9.648,-0.060
9.652,-0.055
9.656,-0.050
9.660,-0.070
9.664,-0.055
9.668,-0.045
9.672,-0.045
9.676,-0.060
9.680,-0.070
9.684,-0.060
9.688,-0.050
9.692,-0.045
9.696,-0.045
9.700,-0.040
9.704,-0.040
9.708,-0.055
9.712,-0.045
9.716,-0.045
9.720,-0.050
9.724,-0.040
9.728,-0.040
9.732,-0.050
9.736,-0.050
9.740,-0.040
9.744,-0.055
9.748,-0.045
9.752,-0.050
9.756,-0.030
9.760,-0.035
9.764,-0.010
9.768,-0.020
9.772,-0.030
9.776,-0.030
9.780,-0.025
9.784,-0.035
9.788,-0.040
9.792,-0.045
9.796,-0.020
9.800,-0.035
9.804,-0.030
9.808,-0.020
9.812,-0.025
9.816,-0.030
9.820,-0.030
9.824,0.000
9.828,-0.005
9.832,0.000
9.836,-0.015
9.840,0.010
9.844,0.000
9.848,0.000
9.852,-0.010
9.856,-0.005
9.860,-0.015
9.864,-0.010
9.868,0.010
9.872,-0.015
9.876,-0.010
9.880,-0.020
9.884,-0.015
9.888,0.000
9.892,-0.020
9.896,-0.010
9.900,-0.005
9.904,-0.030
9.908,-0.010
9.912,-0.010
9.916,-0.025
9.920,-0.015
9.924,-0.005
9.928,-0.005
9.932,-0.035
9.936,-0.025
9.940,-0.015
9.944,-0.015
9.948,-0.020
9.952,-0.010
9.956,-0.020
9.960,-0.010
9.964,-0.005
9.968,-0.020
9.972,-0.010
9.976,-0.010
9.980,-0.015
9.984,-0.010
9.988,-0.025
9.992,-0.010
9.996,-0.010
